min cursor speed, max cursor speed, avg cursor speed, map length seconds, hitobject type count 0, 1, 2, 3, 4, 5, 6, 7, hitobject types per second 0, 1, 2, 3, 4, 5, 6, 7, 
0.0, 324.9349611219949, 202.97038866634998, 87.397, 0, 64, 26, 0, 0, 10, 19, 0, 0.0, 0.7322905820565923, 0.2974930489604906, 0.0, 0.0, 0.11442040344634255, 0.21739876654805085, 0.0